# Published file sizes, for display only -- nothing depends on them,
# so a file added upstream needs no rebuild. Refreshed from the GitHub
# contents API (the one fact in this catalog that no manifest carries);
# ASCII-sorted by name within a scope, the order the emitted tables
# must keep.
#
# scope is <source>/<subpath>: the directory the file lives in.
#
# scope	name	size
InfiniumAnnotation/EPIC	EPIC.hg38.coord.tsv.gz	5505138
InfiniumAnnotation/EPIC	EPIC.hg38.mask.cm	365760
InfiniumAnnotation/EPIC	EPIC.hg38.mask.cm.idx	733
InfiniumAnnotation/EPIC	EPIC.hg38.snp.tsv.gz	1776995
InfiniumAnnotation/EPIC	EPIC.ordering.tsv.gz	7756709
InfiniumAnnotation/EPIC	EPIC.typeI_ext.tsv.gz	91446
InfiniumAnnotation/EPIC/KYCG	ABCompartment.20220911.cm	401447
InfiniumAnnotation/EPIC/KYCG	ABCompartment.20220911.cm.idx	79
InfiniumAnnotation/EPIC/KYCG	Blacklist.20220304.cm	1024
InfiniumAnnotation/EPIC/KYCG	CGI.20220904.cm	320296
InfiniumAnnotation/EPIC/KYCG	CGI.20220904.cm.idx	64
InfiniumAnnotation/EPIC/KYCG	CTCFbind.20220911.cm	38289
InfiniumAnnotation/EPIC/KYCG	ChromHMM.20220303.cm	472684
InfiniumAnnotation/EPIC/KYCG	HM.20221013.cm	2365502
InfiniumAnnotation/EPIC/KYCG	HM.20221013.cm.idx	1698
InfiniumAnnotation/EPIC/KYCG	ImprintingDMR.20220818.cm	2581
InfiniumAnnotation/EPIC/KYCG	InfiniumChemistry.cm	170333
InfiniumAnnotation/EPIC/KYCG	MetagenePC.20220911.cm	1877298
InfiniumAnnotation/EPIC/KYCG	MetagenePC.20220911.cm.idx	762
InfiniumAnnotation/EPIC/KYCG	PMD.20220911.cm	195686
InfiniumAnnotation/EPIC/KYCG	PMD.20220911.cm.idx	33
InfiniumAnnotation/EPIC/KYCG	ProbeType.cm	99
InfiniumAnnotation/EPIC/KYCG	REMCChromHMM.20220911.cm	470923
InfiniumAnnotation/EPIC/KYCG	TFBSrm.20221005.cm	36004353
InfiniumAnnotation/EPIC/KYCG	TFBSrm.20221005.cm.idx	23486
InfiniumAnnotation/EPIC/KYCG	Tetranuc2.20220321.cm	283378
InfiniumAnnotation/EPIC/KYCG	nFlankCG.20220321.cm	660394
InfiniumAnnotation/EPIC/KYCG	nFlankCG.20220321.cm.idx	504
InfiniumAnnotation/EPIC/KYCG	rmsk1.20220307.cm	195568
InfiniumAnnotation/EPIC/KYCG	rmsk1.20220307.cm.idx	352
InfiniumAnnotation/EPIC/KYCG	rmsk2.20220321.cm	278780
InfiniumAnnotation/EPIC/KYCG	rmsk2.20220321.cm.idx	1103
InfiniumAnnotation/EPICv2	EPICv2.hg38.coord.tsv.gz	5728827
InfiniumAnnotation/EPICv2	EPICv2.hg38.mask.cm	301037
InfiniumAnnotation/EPICv2	EPICv2.hg38.mask.cm.idx	760
InfiniumAnnotation/EPICv2	EPICv2.hg38.snp.tsv.gz	1631893
InfiniumAnnotation/EPICv2	EPICv2.ordering.tsv.gz	8546436
InfiniumAnnotation/EPICv2	EPICv2.typeI_ext.tsv.gz	89958
InfiniumAnnotation/EPICv2/KYCG	ABCompartment.20220911.cm	429646
InfiniumAnnotation/EPICv2/KYCG	ABCompartment.20220911.cm.idx	79
InfiniumAnnotation/EPICv2/KYCG	CGI.20220904.cm	334456
InfiniumAnnotation/EPICv2/KYCG	CGI.20220904.cm.idx	64
InfiniumAnnotation/EPICv2/KYCG	CTCFbind.20220911.cm	43704
InfiniumAnnotation/EPICv2/KYCG	ChromHMM.20220303.cm	497071
InfiniumAnnotation/EPICv2/KYCG	HM.20221013.cm	2435825
InfiniumAnnotation/EPICv2/KYCG	HM.20221013.cm.idx	1699
InfiniumAnnotation/EPICv2/KYCG	ImprintingDMR.20220818.cm	2455
InfiniumAnnotation/EPICv2/KYCG	InfiniumChemistry.cm	161445
InfiniumAnnotation/EPICv2/KYCG	MetagenePC.20220911.cm	2011122
InfiniumAnnotation/EPICv2/KYCG	MetagenePC.20220911.cm.idx	764
InfiniumAnnotation/EPICv2/KYCG	PMD.20220911.cm	211343
InfiniumAnnotation/EPICv2/KYCG	PMD.20220911.cm.idx	33
InfiniumAnnotation/EPICv2/KYCG	ProbeType.cm	105
InfiniumAnnotation/EPICv2/KYCG	REMCChromHMM.20220911.cm	496042
InfiniumAnnotation/EPICv2/KYCG	TFBSrm.20221005.cm	37609558
InfiniumAnnotation/EPICv2/KYCG	TFBSrm.20221005.cm.idx	23502
InfiniumAnnotation/EPICv2/KYCG	Tetranuc2.20220321.cm	307945
InfiniumAnnotation/EPICv2/KYCG	nFlankCG.20220321.cm	643034
InfiniumAnnotation/EPICv2/KYCG	rmsk1.20220307.cm	211617
InfiniumAnnotation/EPICv2/KYCG	rmsk1.20220307.cm.idx	352
InfiniumAnnotation/EPICv2/KYCG	rmsk2.20220321.cm	302615
InfiniumAnnotation/EPICv2/KYCG	rmsk2.20220321.cm.idx	1104
InfiniumAnnotation/HM27	HM27.hg38.coord.tsv.gz	173651
InfiniumAnnotation/HM27	HM27.hg38.mask.cm	7969
InfiniumAnnotation/HM27	HM27.hg38.mask.cm.idx	466
InfiniumAnnotation/HM27	HM27.hg38.snp.tsv.gz	358753
InfiniumAnnotation/HM27	HM27.ordering.tsv.gz	305538
InfiniumAnnotation/HM27	HM27.typeI_ext.tsv.gz	3432
InfiniumAnnotation/HM27/KYCG	ABCompartment.20220911.cm	12334
InfiniumAnnotation/HM27/KYCG	CGI.20220904.cm	10623
InfiniumAnnotation/HM27/KYCG	CGI.20220904.cm.idx	59
InfiniumAnnotation/HM27/KYCG	CTCFbind.20220911.cm	1619
InfiniumAnnotation/HM27/KYCG	ChromHMM.20220303.cm	14712
InfiniumAnnotation/HM27/KYCG	HM.20221013.cm	143275
InfiniumAnnotation/HM27/KYCG	HM.20221013.cm.idx	1565
InfiniumAnnotation/HM27/KYCG	ImprintingDMR.20220818.cm	407
InfiniumAnnotation/HM27/KYCG	InfiniumChemistry.cm	8461
InfiniumAnnotation/HM27/KYCG	MetagenePC.20220911.cm	64127
InfiniumAnnotation/HM27/KYCG	MetagenePC.20220911.cm.idx	724
InfiniumAnnotation/HM27/KYCG	PMD.20220911.cm	8753
InfiniumAnnotation/HM27/KYCG	ProbeType.cm	83
InfiniumAnnotation/HM27/KYCG	REMCChromHMM.20220911.cm	13398
InfiniumAnnotation/HM27/KYCG	Tetranuc2.20220321.cm	8911
InfiniumAnnotation/HM27/KYCG	nFlankCG.20220321.cm	22006
InfiniumAnnotation/HM27/KYCG	rmsk1.20220307.cm	5127
InfiniumAnnotation/HM27/KYCG	rmsk1.20220307.cm.idx	229
InfiniumAnnotation/HM27/KYCG	rmsk2.20220321.cm	8509
InfiniumAnnotation/HM27/KYCG	rmsk2.20220321.cm.idx	682
InfiniumAnnotation/HM450	HM450.hg38.coord.tsv.gz	3064215
InfiniumAnnotation/HM450	HM450.hg38.mask.cm	213674
InfiniumAnnotation/HM450	HM450.hg38.mask.cm.idx	727
InfiniumAnnotation/HM450	HM450.hg38.snp.tsv.gz	1697522
InfiniumAnnotation/HM450	HM450.ordering.tsv.gz	4583238
InfiniumAnnotation/HM450	HM450.typeI_ext.tsv.gz	72943
InfiniumAnnotation/HM450/KYCG	ABCompartment.20220911.cm	222018
InfiniumAnnotation/HM450/KYCG	ABCompartment.20220911.cm.idx	77
InfiniumAnnotation/HM450/KYCG	Blacklist.20220304.cm	730
InfiniumAnnotation/HM450/KYCG	CGI.20220904.cm	195724
InfiniumAnnotation/HM450/KYCG	CGI.20220904.cm.idx	62
InfiniumAnnotation/HM450/KYCG	CTCFbind.20220911.cm	22325
InfiniumAnnotation/HM450/KYCG	ChromHMM.20220303.cm	289807
InfiniumAnnotation/HM450/KYCG	Chromosome.20221129.cm	375096
InfiniumAnnotation/HM450/KYCG	HM.20221013.cm	1630916
InfiniumAnnotation/HM450/KYCG	HM.20221013.cm.idx	1672
InfiniumAnnotation/HM450/KYCG	ImprintingDMR.20220818.cm	2322
InfiniumAnnotation/HM450/KYCG	InfiniumChemistry.cm	138065
InfiniumAnnotation/HM450/KYCG	MetagenePC.20220911.cm	1086937
InfiniumAnnotation/HM450/KYCG	MetagenePC.20220911.cm.idx	755
InfiniumAnnotation/HM450/KYCG	PMD.20220911.cm	108540
InfiniumAnnotation/HM450/KYCG	PMD.20220911.cm.idx	33
InfiniumAnnotation/HM450/KYCG	ProbeType.cm	108
InfiniumAnnotation/HM450/KYCG	REMCChromHMM.20220911.cm	279823
InfiniumAnnotation/HM450/KYCG	TFBSrm.20221005.cm	24361394
InfiniumAnnotation/HM450/KYCG	TFBSrm.20221005.cm.idx	23244
InfiniumAnnotation/HM450/KYCG	Tetranuc2.20220321.cm	154671
InfiniumAnnotation/HM450/KYCG	nFlankCG.20220321.cm	423959
InfiniumAnnotation/HM450/KYCG	nFlankCG.20220321.cm.idx	484
InfiniumAnnotation/HM450/KYCG	rmsk1.20220307.cm	94893
InfiniumAnnotation/HM450/KYCG	rmsk1.20220307.cm.idx	341
InfiniumAnnotation/HM450/KYCG	rmsk2.20220321.cm	130105
InfiniumAnnotation/HM450/KYCG	rmsk2.20220321.cm.idx	1021
InfiniumAnnotation/Mammal40	Mammal40.hg38.coord.tsv.gz	234668
InfiniumAnnotation/Mammal40	Mammal40.hg38.mask.cm	11659
InfiniumAnnotation/Mammal40	Mammal40.hg38.mask.cm.idx	629
InfiniumAnnotation/Mammal40	Mammal40.hg38.snp.tsv.gz	37107
InfiniumAnnotation/Mammal40	Mammal40.ordering.tsv.gz	345271
InfiniumAnnotation/Mammal40	Mammal40.typeI_ext.tsv.gz	2576
InfiniumAnnotation/Mammal40/KYCG	ABCompartment.20220911.cm	18320
InfiniumAnnotation/Mammal40/KYCG	CGI.20220904.cm	13039
InfiniumAnnotation/Mammal40/KYCG	CGI.20220904.cm.idx	59
InfiniumAnnotation/Mammal40/KYCG	CTCFbind.20220911.cm	1147
InfiniumAnnotation/Mammal40/KYCG	ChromHMM.20220303.cm	20962
InfiniumAnnotation/Mammal40/KYCG	HM.20221013.cm	82050
InfiniumAnnotation/Mammal40/KYCG	HM.20221013.cm.idx	1562
InfiniumAnnotation/Mammal40/KYCG	ImprintingDMR.20220818.cm	214
InfiniumAnnotation/Mammal40/KYCG	InfiniumChemistry.cm	4239
InfiniumAnnotation/Mammal40/KYCG	MetagenePC.20220911.cm	83185
InfiniumAnnotation/Mammal40/KYCG	MetagenePC.20220911.cm.idx	723
InfiniumAnnotation/Mammal40/KYCG	PMD.20220911.cm	12909
InfiniumAnnotation/Mammal40/KYCG	ProbeType.cm	94
InfiniumAnnotation/Mammal40/KYCG	REMCChromHMM.20220911.cm	21534
InfiniumAnnotation/Mammal40/KYCG	Tetranuc2.20220321.cm	12645
InfiniumAnnotation/Mammal40/KYCG	nFlankCG.20220321.cm	26154
InfiniumAnnotation/Mammal40/KYCG	rmsk1.20220307.cm	2248
InfiniumAnnotation/Mammal40/KYCG	rmsk2.20220321.cm	2561
InfiniumAnnotation/MM285	202010418_MouseArray_ID_system.md	542
InfiniumAnnotation/MM285	20210110_mouse_array_ID.png	280418
InfiniumAnnotation/MM285	20210418_manifest_column_specs.md	674
InfiniumAnnotation/MM285	MM285.mm10.coord.tsv.gz	1284558
InfiniumAnnotation/MM285	MM285.mm10.mask.cm	169234
InfiniumAnnotation/MM285	MM285.mm10.mask.cm.idx	3027
InfiniumAnnotation/MM285	MM285.mm10.snp.tsv.gz	766038
InfiniumAnnotation/MM285	MM285.mm39.coord.tsv.gz	1283738
InfiniumAnnotation/MM285	MM285.mm39.mask.cm	10839
InfiniumAnnotation/MM285	MM285.mm39.mask.cm.idx	52
InfiniumAnnotation/MM285	MM285.ordering.tsv.gz	2794476
InfiniumAnnotation/MM285	MM285.typeI_ext.tsv.gz	32538
InfiniumAnnotation/MM285/KYCG	Blacklist.20220304.cm	157
InfiniumAnnotation/MM285/KYCG	CGI.20220904.cm	62263
InfiniumAnnotation/MM285/KYCG	CGI.20220904.cm.idx	62
InfiniumAnnotation/MM285/KYCG	ChromHMM.20220318.cm	105535
InfiniumAnnotation/MM285/KYCG	Chromosome.20221129.cm	3796
InfiniumAnnotation/MM285/KYCG	EnsRegBuild.20220710.cm	80521
InfiniumAnnotation/MM285/KYCG	EnsRegBuild.20220710.cm.idx	142
InfiniumAnnotation/MM285/KYCG	HM.20221013.cm	682801
InfiniumAnnotation/MM285/KYCG	HM.20221013.cm.idx	1546
InfiniumAnnotation/MM285/KYCG	InfiniumChemistry.cm	70003
InfiniumAnnotation/MM285/KYCG	MetagenePC.20220911.cm	405122
InfiniumAnnotation/MM285/KYCG	MetagenePC.20220911.cm.idx	747
InfiniumAnnotation/MM285/KYCG	PMD.20220911.cm	11255
InfiniumAnnotation/MM285/KYCG	ProbeCGnum.cm	108976
InfiniumAnnotation/MM285/KYCG	ProbeType.cm	92
InfiniumAnnotation/MM285/KYCG	TFBSrm.20221005.cm	5679253
InfiniumAnnotation/MM285/KYCG	TFBSrm.20221005.cm.idx	11842
InfiniumAnnotation/MM285/KYCG	Tetranuc2.20220321.cm	92597
InfiniumAnnotation/MM285/KYCG	Tetranuc4.20220321.cm	175418
InfiniumAnnotation/MM285/KYCG	nFlankCG.20220321.cm	170331
InfiniumAnnotation/MM285/KYCG	rmsk1.20220321.cm	45136
InfiniumAnnotation/MM285/KYCG	rmsk1.20220321.cm.idx	351
InfiniumAnnotation/MM285/KYCG	rmsk2.20220321.cm	66744
InfiniumAnnotation/MM285/KYCG	rmsk2.20220321.cm.idx	983
InfiniumAnnotation/MSA	MSA.hg38.coord.tsv.gz	1617785
InfiniumAnnotation/MSA	MSA.hg38.mask.cm	156578
InfiniumAnnotation/MSA	MSA.hg38.mask.cm.idx	774
InfiniumAnnotation/MSA	MSA.hg38.snp.tsv.gz	1065396
InfiniumAnnotation/MSA	MSA.ordering.tsv.gz	2920535
InfiniumAnnotation/MSA	MSA.typeI_ext.tsv.gz	30536
InfiniumAnnotation/MSA/KYCG	ABCompartment.20220911.cm	119799
InfiniumAnnotation/MSA/KYCG	ABCompartment.20220911.cm.idx	75
InfiniumAnnotation/MSA/KYCG	Blacklist.20220304.cm	663
InfiniumAnnotation/MSA/KYCG	CGI.20220904.cm	95101
InfiniumAnnotation/MSA/KYCG	CGI.20220904.cm.idx	62
InfiniumAnnotation/MSA/KYCG	CTCFbind.20220911.cm	9618
InfiniumAnnotation/MSA/KYCG	Centromere.20221129.cm	2637
InfiniumAnnotation/MSA/KYCG	ChromHMM.20220303.cm	137462
InfiniumAnnotation/MSA/KYCG	ChromHMMfullStack.20230515.cm	409143
InfiniumAnnotation/MSA/KYCG	ChromHMMfullStack.20230515.cm.idx	2080
InfiniumAnnotation/MSA/KYCG	Chromosome.20221129.cm	175568
InfiniumAnnotation/MSA/KYCG	CoRSIV.20220309.cm	4682
InfiniumAnnotation/MSA/KYCG	EvoCons.20220314.cm	30608
InfiniumAnnotation/MSA/KYCG	G4peaksHighConfidence.20220719.cm	5291
InfiniumAnnotation/MSA/KYCG	HM.20221013.cm	615728
InfiniumAnnotation/MSA/KYCG	HM.20221013.cm.idx	1655
InfiniumAnnotation/MSA/KYCG	ImprintingDMR.20220818.cm	1662
InfiniumAnnotation/MSA/KYCG	InfiniumChemistry.cm	78457
InfiniumAnnotation/MSA/KYCG	IntergenicCpGs.20220811.cm	38194
InfiniumAnnotation/MSA/KYCG	IntermediateMeth.20221121.cm	6787
InfiniumAnnotation/MSA/KYCG	MetagenePC.20220911.cm	565940
InfiniumAnnotation/MSA/KYCG	MetagenePC.20220911.cm.idx	750
InfiniumAnnotation/MSA/KYCG	PMD.20220911.cm	83724
InfiniumAnnotation/MSA/KYCG	ProbeCGnum.cm	124614
InfiniumAnnotation/MSA/KYCG	ProbeType.cm	98
InfiniumAnnotation/MSA/KYCG	REMCChromHMM.20220911.cm	138175
InfiniumAnnotation/MSA/KYCG	RoadMapNegGeneExpCpG.20220814.cm	17190
InfiniumAnnotation/MSA/KYCG	RoadMapPosGeneExpCpG.20220814.cm	12466
InfiniumAnnotation/MSA/KYCG	TFBSrm.20221005.cm	8876359
InfiniumAnnotation/MSA/KYCG	TFBSrm.20221005.cm.idx	22563
InfiniumAnnotation/MSA/KYCG	Tetranuc2.20220321.cm	90356
InfiniumAnnotation/MSA/KYCG	TiSigBLUEPRINT.20221209.cm	809075
InfiniumAnnotation/MSA/KYCG	TiSigBLUEPRINT.20221209.cm.idx	19769
InfiniumAnnotation/MSA/KYCG	TiSigBrain.20221209.cm	1188786
InfiniumAnnotation/MSA/KYCG	TiSigBrain.20221209.cm.idx	12844
InfiniumAnnotation/MSA/KYCG	TiSigLoyfer.20221209.cm	603728
InfiniumAnnotation/MSA/KYCG	TiSigLoyfer.20221209.cm.idx	14818
InfiniumAnnotation/MSA/KYCG	XCILinkedWGBSSorted.20221121.cm	2585
InfiniumAnnotation/MSA/KYCG	nFlankCG.20220321.cm	196667
InfiniumAnnotation/MSA/KYCG	nFlankCG.20220321.cm.idx	420
InfiniumAnnotation/MSA/KYCG	rmsk1.20220307.cm	61470
InfiniumAnnotation/MSA/KYCG	rmsk1.20220307.cm.idx	324
InfiniumAnnotation/MSA/KYCG	rmsk2.20220321.cm	89649
InfiniumAnnotation/MSA/KYCG	rmsk2.20220321.cm.idx	1038
KYCGKB/hg38	ABCompartment.20220911.cm	9763
KYCGKB/hg38	Blacklist.20220304.cm	3142
KYCGKB/hg38	CGI.20220904.cm	206746
KYCGKB/hg38	CTCFbind.20220911.cm	163001
KYCGKB/hg38	Centromere.20221129.cm	347
KYCGKB/hg38	ChromHMM.20220303.cm	529428
KYCGKB/hg38	ChromHMMfullStack.20230515.cm	7086738
KYCGKB/hg38	Chromosome.20221129.cm	298
KYCGKB/hg38	ChromosomeXY.20230901.cm	99
KYCGKB/hg38	HM.20221013.cm	7540196
KYCGKB/hg38	HM.20221013.cm.idx	1741
KYCGKB/hg38	ImprintingDMR.20220818.cm	907
KYCGKB/hg38	IntermediateMeth.20221121.cm	26683
KYCGKB/hg38	IntermediateMethS.20221121.cm	18515
KYCGKB/hg38	MetagenePC.20220911.cm	2971260
KYCGKB/hg38	MetagenePC.20220911.cm.idx	712
KYCGKB/hg38	PMD.20220911.cm	18325
KYCGKB/hg38	REMCChromHMM.20220911.cm	490826
KYCGKB/hg38	RoadMapNegGeneExpCpG.20220814.cm	463285
KYCGKB/hg38	RoadMapPosGeneExpCpG.20220814.cm	570095
KYCGKB/hg38	TFBS.20220921.cm	90986293
KYCGKB/hg38	TFBS.20220921.cm.idx	27056
KYCGKB/hg38	TFBSrm.20221005.cm	82231076
KYCGKB/hg38	TFBSrm.20221005.cm.idx	23731
KYCGKB/hg38	Tetranuc2.20220321.cm	9086753
KYCGKB/hg38	TiSigBLUEPRINT.20221209.cm	26949077
KYCGKB/hg38	TiSigBLUEPRINT.20221209.cm.idx	22418
KYCGKB/hg38	TiSigBrain.20221209.cm	52404903
KYCGKB/hg38	TiSigBrain.20221209.cm.idx	13414
KYCGKB/hg38	TiSigLoyfer.20221209.cm	28806752
KYCGKB/hg38	TiSigLoyfer.20221209.cm.idx	16421
KYCGKB/hg38	Win100k.20220228.cm	169101
KYCGKB/hg38	XCILinkedWGBS.20221121.cm	12552
KYCGKB/hg38	XCILinkedWGBSSorted.20221121.cm	16744
KYCGKB/hg38	cpg_nocontig.cr	30318472
KYCGKB/hg38	nFlankCG.20220321.cm	11529528
KYCGKB/hg38	nFlankCG100.20231025.cm	10120992
KYCGKB/hg38	nFlankCG50.20231025.cm	7572753
KYCGKB/hg38	rmsk1.20220307.cm	4645990
KYCGKB/hg38	rmsk1.20220307.cm.idx	361
KYCGKB/hg38	rmsk2.20220321.cm	5749686
KYCGKB/hg38	rmsk2.20220321.cm.idx	1212
KYCGKB/mm10	Blacklist.20220304.cm	636
KYCGKB/mm10	CGI.20220904.cm	122892
KYCGKB/mm10	ChromHMM.20220414.cm	877986
KYCGKB/mm10	ChromHMMfullStack.20231222.cm	6409786
KYCGKB/mm10	Chromosome.20240119.cm	269
KYCGKB/mm10	ChromosomeXY.20230901.cm	95
KYCGKB/mm10	EnsRegBuild.20220710.cm	1019167
KYCGKB/mm10	EnsRegBuild.20220710.cm.idx	146
KYCGKB/mm10	EvoCons.20220314.cm	115742
KYCGKB/mm10	GCfrac.20220323.cm	19989460
KYCGKB/mm10	GeneFeatures.20220710.cm	1476841
KYCGKB/mm10	GeneFeatures.20220710.cm.idx	123
KYCGKB/mm10	HM.20221013.cm	5896537
KYCGKB/mm10	HM.20221013.cm.idx	1632
KYCGKB/mm10	MetagenePC.20220911.cm	2487844
KYCGKB/mm10	MetagenePC.20220911.cm.idx	709
KYCGKB/mm10	PMD.20220911.cm	16659
KYCGKB/mm10	TFBS.20220922.cm	56669024
KYCGKB/mm10	TFBS.20220922.cm.idx	13700
KYCGKB/mm10	TFBSFreq.20220922.cm	3895475
KYCGKB/mm10	TFBSrm.20221005.cm	53395935
KYCGKB/mm10	TFBSrm.20221005.cm.idx	12454
KYCGKB/mm10	Tetranuc2.20220321.cm	6838695
KYCGKB/mm10	Tetranuc4.20220321.cm	13157336
KYCGKB/mm10	UCSCEnsemblRegulatory.20220727.cm	639680
KYCGKB/mm10	Win100k.20220228.cm	154709
KYCGKB/mm10	Win1m.20230709.cm	16962
KYCGKB/mm10	Win30k.20220228.cm	513471
KYCGKB/mm10	cpg_nocontig.cr	23825886
KYCGKB/mm10	kmer10.20231109.cm	52445331
KYCGKB/mm10	nFlankCG.20220321.cm	7763796
KYCGKB/mm10	nFlankCG100.20231025.cm	6787893
KYCGKB/mm10	nFlankCG50.20231025.cm	5037900
KYCGKB/mm10	rmsk1.20220321.cm	3321298
KYCGKB/mm10	rmsk1.20220321.cm.idx	374
KYCGKB/mm10	rmsk2.20220321.cm	4623244
KYCGKB/mm10	rmsk2.20220321.cm.idx	1152
KYCGKB/mm39	ChromHMM.20250102.cm	882311
KYCGKB/mm39	cpg_nocontig.cr	23857084
genomes/hg38	cytoband.tsv.gz	9645
genomes/hg38	gaps.tsv.gz	5185
genomes/hg38	genes.bed.gz	10708528
genomes/hg38	genes.bed.gz.source	99
genomes/hg38	genes.bed.gz.tbi	192014
genomes/hg38	seqinfo.tsv.gz	221
genomes/mm10	cytoband.tsv.gz	4129
genomes/mm10	gaps.tsv.gz	4758
genomes/mm10	genes.bed.gz	6823722
genomes/mm10	genes.bed.gz.source	101
genomes/mm10	genes.bed.gz.tbi	202003
genomes/mm10	seqinfo.tsv.gz	203
genomes/mm39	cytoband.tsv.gz	757
genomes/mm39	gaps.tsv.gz	2038
genomes/mm39	genes.bed.gz	7047902
genomes/mm39	genes.bed.gz.source	101
genomes/mm39	genes.bed.gz.tbi	203709
genomes/mm39	seqinfo.tsv.gz	203
methscope/hg38/data	human_hg38_40_celltypes_chr20.cg	41377893
methscope/hg38/data	human_hg38_40_celltypes_chr20.cg.idx	2182
methscope/hg38/data	human_hg38_celltypes.cg	6402003
methscope/hg38/data	human_hg38_celltypes.cg.idx	96
methscope/hg38/data	human_hg38_immune_mixture.cg	3644798
methscope/hg38/data	human_hg38_test.cg	103698
methscope/hg38/data	human_hg38_test.truth.cg	1944547
methscope/models	hg38_10k1.updecx	29075778
methscope/models	hg38_65celltypes.refx	28900711
methscope/models	hg38_celltype.ubjx	25661483
methscope/models	hg38_sex.ubjx	30931
methscope/models	hg38_wg.updecx	2835749302
methscope/models	mm10_celltype.ubjx	22498764
methscope/models	mm10_wg.updecx	2057125237
